ID,ORGANIZATION,CONTACT,PHONE,VEHICLES,WALKERS
1,Organization Name #1,Contact Person #1,5555550001,1,3
2,Organization Name #2,Contact Person #2,5555550002,1,3
3,Organization Name #3,Contact Person #3,5555550003,1,3
4,Organization Name #4,Contact Person #4,5555550004,1,3
5,Organization Name #5,Contact Person #5,5555550005,1,3
6,Organization Name #6,Contact Person #6,5555550006,1,3
7,Organization Name #7,Contact Person #7,5555550007,1,3
8,Organization Name #8,Contact Person #8,5555550008,1,3
9,Organization Name #9,Contact Person #9,5555550009,1,3
10,Organization Name #10,Contact Person #10,5555550010,1,3
11,Organization Name #11,Contact Person #11,5555550011,1,3
12,Organization Name #12,Contact Person #12,5555550012,1,3
13,Organization Name #13,Contact Person #13,5555550013,1,3
14,Organization Name #14,Contact Person #14,5555550014,1,3
15,Organization Name #15,Contact Person #15,5555550015,1,3
16,Organization Name #16,Contact Person #16,5555550016,1,3
17,Organization Name #17,Contact Person #17,5555550017,1,3
18,Organization Name #18,Contact Person #18,5555550018,1,3
19,Organization Name #19,Contact Person #19,5555550019,1,3
20,Organization Name #20,Contact Person #20,5555550020,1,3
21,Organization Name #21,Contact Person #21,5555550021,1,3
22,Organization Name #22,Contact Person #22,5555550022,1,3
23,Organization Name #23,Contact Person #23,5555550023,1,3
24,Organization Name #24,Contact Person #24,5555550024,1,3
25,Organization Name #25,Contact Person #25,5555550025,1,3
26,Organization Name #26,Contact Person #26,5555550026,1,3
27,Organization Name #27,Contact Person #27,5555550027,1,3
28,Organization Name #28,Contact Person #28,5555550028,1,3
29,Organization Name #29,Contact Person #29,5555550029,1,3
30,Organization Name #30,Contact Person #30,5555550030,1,3
31,Organization Name #31,Contact Person #31,5555550031,1,3
32,Organization Name #32,Contact Person #32,5555550032,1,3
33,Organization Name #33,Contact Person #33,5555550033,1,3
34,Organization Name #34,Contact Person #34,5555550034,1,3
35,Organization Name #35,Contact Person #35,5555550035,1,3
36,Organization Name #36,Contact Person #36,5555550036,1,3
37,Organization Name #37,Contact Person #37,5555550037,1,3
38,Organization Name #38,Contact Person #38,5555550038,1,3
39,Organization Name #39,Contact Person #39,5555550039,1,3
40,Organization Name #40,Contact Person #40,5555550040,1,3
41,Organization Name #41,Contact Person #41,5555550041,1,3
42,Organization Name #42,Contact Person #42,5555550042,1,3
43,Organization Name #43,Contact Person #43,5555550043,1,3
44,Organization Name #44,Contact Person #44,5555550044,1,3
45,Organization Name #45,Contact Person #45,5555550045,1,3
46,Organization Name #46,Contact Person #46,5555550046,1,3
47,Organization Name #47,Contact Person #47,5555550047,1,3
48,Organization Name #48,Contact Person #48,5555550048,1,3
49,Organization Name #49,Contact Person #49,5555550049,1,3
50,Organization Name #50,Contact Person #50,5555550050,1,3
51,Organization Name #51,Contact Person #51,5555550051,1,3
52,Organization Name #52,Contact Person #52,5555550052,1,3
53,Organization Name #53,Contact Person #53,5555550053,1,3
54,Organization Name #54,Contact Person #54,5555550054,1,3
55,Organization Name #55,Contact Person #55,5555550055,1,3
56,Organization Name #56,Contact Person #56,5555550056,1,3
57,Organization Name #57,Contact Person #57,5555550057,1,3
58,Organization Name #58,Contact Person #58,5555550058,1,3
59,Organization Name #59,Contact Person #59,5555550059,1,3
60,Organization Name #60,Contact Person #60,5555550060,1,3
61,Organization Name #61,Contact Person #61,5555550061,1,3
62,Organization Name #62,Contact Person #62,5555550062,1,3
63,Organization Name #63,Contact Person #63,5555550063,1,3
64,Organization Name #64,Contact Person #64,5555550064,1,3
65,Organization Name #65,Contact Person #65,5555550065,1,3
66,Organization Name #66,Contact Person #66,5555550066,1,3
67,Organization Name #67,Contact Person #67,5555550067,1,3
68,Organization Name #68,Contact Person #68,5555550068,1,3
69,Organization Name #69,Contact Person #69,5555550069,1,3
70,Organization Name #70,Contact Person #70,5555550070,1,3
71,Organization Name #71,Contact Person #71,5555550071,1,3
72,Organization Name #72,Contact Person #72,5555550072,1,3
73,Organization Name #73,Contact Person #73,5555550073,1,3
74,Organization Name #74,Contact Person #74,5555550074,1,3
75,Organization Name #75,Contact Person #75,5555550075,1,3
76,Organization Name #76,Contact Person #76,5555550076,1,3
77,Organization Name #77,Contact Person #77,5555550077,1,3
78,Organization Name #78,Contact Person #78,5555550078,1,3
79,Organization Name #79,Contact Person #79,5555550079,1,3
80,Organization Name #80,Contact Person #80,5555550080,1,3
81,Organization Name #81,Contact Person #81,5555550081,1,3
82,Organization Name #82,Contact Person #82,5555550082,1,3
83,Organization Name #83,Contact Person #83,5555550083,1,3
84,Organization Name #84,Contact Person #84,5555550084,1,3
85,Organization Name #85,Contact Person #85,5555550085,1,3
86,Organization Name #86,Contact Person #86,5555550086,1,3
87,Organization Name #87,Contact Person #87,5555550087,1,3
88,Organization Name #88,Contact Person #88,5555550088,1,3
89,Organization Name #89,Contact Person #89,5555550089,1,3
90,Organization Name #90,Contact Person #90,5555550090,1,3
91,Organization Name #91,Contact Person #91,5555550091,1,3
92,Organization Name #92,Contact Person #92,5555550092,1,3
93,Organization Name #93,Contact Person #93,5555550093,1,3
94,Organization Name #94,Contact Person #94,5555550094,1,3
95,Organization Name #95,Contact Person #95,5555550095,1,3
96,Organization Name #96,Contact Person #96,5555550096,1,3
97,Organization Name #97,Contact Person #97,5555550097,1,3
98,Organization Name #98,Contact Person #98,5555550098,1,3
99,Organization Name #99,Contact Person #99,5555550099,1,3
100,Organization Name #100,Contact Person #100,5555550100,1,3
101,Organization Name #101,Contact Person #101,5555550101,1,3
102,Organization Name #102,Contact Person #102,5555550102,1,3
103,Organization Name #103,Contact Person #103,5555550103,1,3
104,Organization Name #104,Contact Person #104,5555550104,1,3
105,Organization Name #105,Contact Person #105,5555550105,1,3
106,Organization Name #106,Contact Person #106,5555550106,1,3
107,Organization Name #107,Contact Person #107,5555550107,1,3
108,Organization Name #108,Contact Person #108,5555550108,1,3
109,Organization Name #109,Contact Person #109,5555550109,1,3
110,Organization Name #110,Contact Person #110,5555550110,1,3
111,Organization Name #111,Contact Person #111,5555550111,1,3
112,Organization Name #112,Contact Person #112,5555550112,1,3
113,Organization Name #113,Contact Person #113,5555550113,1,3
114,Organization Name #114,Contact Person #114,5555550114,1,3
115,Organization Name #115,Contact Person #115,5555550115,1,3
116,Organization Name #116,Contact Person #116,5555550116,1,3
117,Organization Name #117,Contact Person #117,5555550117,1,3
118,Organization Name #118,Contact Person #118,5555550118,1,3
119,Organization Name #119,Contact Person #119,5555550119,1,3
120,Organization Name #120,Contact Person #120,5555550120,1,3
121,Organization Name #121,Contact Person #121,5555550121,1,3
122,Organization Name #122,Contact Person #122,5555550122,1,3
123,Organization Name #123,Contact Person #123,5555550123,1,3
124,Organization Name #124,Contact Person #124,5555550124,1,3
125,Organization Name #125,Contact Person #125,5555550125,1,3
126,Organization Name #126,Contact Person #126,5555550126,1,3
127,Organization Name #127,Contact Person #127,5555550127,1,3
128,Organization Name #128,Contact Person #128,5555550128,1,3
129,Organization Name #129,Contact Person #129,5555550129,1,3
130,Organization Name #130,Contact Person #130,5555550130,1,3
131,Organization Name #131,Contact Person #131,5555550131,1,3
132,Organization Name #132,Contact Person #132,5555550132,1,3
133,Organization Name #133,Contact Person #133,5555550133,1,3
134,Organization Name #134,Contact Person #134,5555550134,1,3
135,Organization Name #135,Contact Person #135,5555550135,1,3
136,Organization Name #136,Contact Person #136,5555550136,1,3
137,Organization Name #137,Contact Person #137,5555550137,1,3
138,Organization Name #138,Contact Person #138,5555550138,1,3
139,Organization Name #139,Contact Person #139,5555550139,1,3
140,Organization Name #140,Contact Person #140,5555550140,1,3
141,Organization Name #141,Contact Person #141,5555550141,1,3
142,Organization Name #142,Contact Person #142,5555550142,1,3
143,Organization Name #143,Contact Person #143,5555550143,1,3
144,Organization Name #144,Contact Person #144,5555550144,1,3
145,Organization Name #145,Contact Person #145,5555550145,1,3
146,Organization Name #146,Contact Person #146,5555550146,1,3
147,Organization Name #147,Contact Person #147,5555550147,1,3
148,Organization Name #148,Contact Person #148,5555550148,1,3
149,Organization Name #149,Contact Person #149,5555550149,1,3
150,Organization Name #150,Contact Person #150,5555550150,1,3
151,Organization Name #151,Contact Person #151,5555550151,1,3
152,Organization Name #152,Contact Person #152,5555550152,1,3
153,Organization Name #153,Contact Person #153,5555550153,1,3
154,Organization Name #154,Contact Person #154,5555550154,1,3
155,Organization Name #155,Contact Person #155,5555550155,1,3
156,Organization Name #156,Contact Person #156,5555550156,1,3
157,Organization Name #157,Contact Person #157,5555550157,1,3
158,Organization Name #158,Contact Person #158,5555550158,1,3
159,Organization Name #159,Contact Person #159,5555550159,1,3
160,Organization Name #160,Contact Person #160,5555550160,1,3
161,Organization Name #161,Contact Person #161,5555550161,1,3
162,Organization Name #162,Contact Person #162,5555550162,1,3
163,Organization Name #163,Contact Person #163,5555550163,1,3
164,Organization Name #164,Contact Person #164,5555550164,1,3
165,Organization Name #165,Contact Person #165,5555550165,1,3
166,Organization Name #166,Contact Person #166,5555550166,1,3
167,Organization Name #167,Contact Person #167,5555550167,1,3
168,Organization Name #168,Contact Person #168,5555550168,1,3
169,Organization Name #169,Contact Person #169,5555550169,1,3
170,Organization Name #170,Contact Person #170,5555550170,1,3
171,Organization Name #171,Contact Person #171,5555550171,1,3
172,Organization Name #172,Contact Person #172,5555550172,1,3
173,Organization Name #173,Contact Person #173,5555550173,1,3
174,Organization Name #174,Contact Person #174,5555550174,1,3
175,Organization Name #175,Contact Person #175,5555550175,1,3
176,Organization Name #176,Contact Person #176,5555550176,1,3
177,Organization Name #177,Contact Person #177,5555550177,1,3
178,Organization Name #178,Contact Person #178,5555550178,1,3
179,Organization Name #179,Contact Person #179,5555550179,1,3
180,Organization Name #180,Contact Person #180,5555550180,1,3
181,Organization Name #181,Contact Person #181,5555550181,1,3
182,Organization Name #182,Contact Person #182,5555550182,1,3
183,Organization Name #183,Contact Person #183,5555550183,1,3
184,Organization Name #184,Contact Person #184,5555550184,1,3
185,Organization Name #185,Contact Person #185,5555550185,1,3
186,Organization Name #186,Contact Person #186,5555550186,1,3
187,Organization Name #187,Contact Person #187,5555550187,1,3
188,Organization Name #188,Contact Person #188,5555550188,1,3
189,Organization Name #189,Contact Person #189,5555550189,1,3
190,Organization Name #190,Contact Person #190,5555550190,1,3
191,Organization Name #191,Contact Person #191,5555550191,1,3
192,Organization Name #192,Contact Person #192,5555550192,1,3
193,Organization Name #193,Contact Person #193,5555550193,1,3
194,Organization Name #194,Contact Person #194,5555550194,1,3
195,Organization Name #195,Contact Person #195,5555550195,1,3
196,Organization Name #196,Contact Person #196,5555550196,1,3
197,Organization Name #197,Contact Person #197,5555550197,1,3
198,Organization Name #198,Contact Person #198,5555550198,1,3
199,Organization Name #199,Contact Person #199,5555550199,1,3
200,Organization Name #200,Contact Person #200,5555550200,1,3
